Date,Open,High,Low,Close,Volume,Ex-Dividend,Split Ratio,Adj. Open,Adj. High,Adj. Low,Adj. Close,Adj. Volume
12/30/2011,403.51,406.28,403.49,405,6416500,0,1,51.85665898,52.21264259,51.8540887,52.04814475,44915500
12/29/2011,403.4,405.65,400.51,405.12,7713500,0,1,51.84252245,52.13167881,51.47111717,52.06356642,53994500
12/28/2011,406.89,408.25,401.34,402.64,8166500,0,1,52.29103609,52.46581505,51.57778374,51.74485186,57165500
12/27/2011,403.1,409.09,403.02,406.53,9467000,0,1,51.80396827,52.57376675,51.79368715,52.24477107,66269000
12/23/2011,399.69,403.59,399.495,403.33,9621400,0,1,51.36573574,51.8669401,51.34067552,51.83352647,67349800
12/22/2011,397,399.13,396.1,398.55,7227100,0,1,51.02003325,51.29376793,50.9043707,51.21922985,50589700
12/21/2011,396.69,397.3,392.01,396.445,9391000,0,1,50.98019393,51.05858743,50.3787487,50.94870801,65737000
12/20/2011,387.76,396.1,387.26,395.95,12043400,0,1,49.83256446,50.9043707,49.76830749,50.88509361,84303800
12/19/2011,382.47,384.85,380.48,382.21,8411800,0,1,49.15272573,49.4585889,48.896983,49.11931211,58882600
12/16/2011,380.36,384.15,379.57,381.02,15052800,0,1,48.88156132,49.36862915,48.78003531,48.96638052,105369600
12/15/2011,383.33,383.74,378.31,378.94,9150000,0,1,49.26324772,49.31593843,48.61810775,48.69907153,64050000
12/14/2011,386.7,387.38,377.68,380.19,14531700,0,1,49.69633969,49.78372917,48.53714397,48.85971396,101721900
12/13/2011,393,395.4,387.1,388.81,12104600,0,1,50.5059775,50.81441095,49.74774526,49.9675041,84732200
12/12/2011,391.68,393.9,389.45,391.84,10752400,0,1,50.3363391,50.62164004,50.04975302,50.35690133,75266800
12/9/2011,392.85,394.04,391.03,393.62,10606900,0,1,50.48670041,50.63963199,50.25280504,50.58565614,74248300
12/8/2011,391.45,395.5,390.23,390.66,13441300,0,1,50.30678089,50.82726234,50.14999389,50.20525488,94089100
12/7/2011,389.93,390.94,386.7625,389.09,10883800,0,1,50.11143971,50.24123879,49.70437181,50.003488,76186600
12/6/2011,392.51,394.63,389.38,390.95,10128500,0,1,50.44300567,50.71545522,50.04075704,50.24252392,70899500
12/5/2011,393.49,396.41,390.388,393.01,12757500,0,1,50.56894933,50.94421002,50.17029909,50.50726264,89302500
12/2/2011,389.83,393.6299,388.58,389.7,13537700,0,1,50.09858831,50.58692843,49.93794589,50.0818815,94763900
12/1/2011,382.54,389,380.75,387.93,13827900,0,1,49.16172171,49.99192175,48.93168176,49.85441183,96795300
11/30/2011,381.29,382.276,378.3,382.2,14497800,0,1,49.00107929,49.12779403,48.61682261,49.11802697,101484600
11/29/2011,375.84,378.83,370.2,373.2,13423400,0,1,48.30067833,48.684935,47.57585972,47.96140153,93963800
11/28/2011,372.35,376.72,370.33,376.12,12371900,0,1,47.85216468,48.41377059,47.59256653,48.33666223,86603300
11/25/2011,368.42,371.15,363.32,363.57,9098600,0,1,47.34710491,47.69794796,46.69168383,46.72381231,63690200
11/23/2011,374.51,375.84,366.88,366.99,15295400,0,1,48.12975479,48.30067833,47.14919345,47.16332998,107067800
11/22/2011,371.02,377.93,370.94,376.51,14607900,0,1,47.68124115,48.56927246,47.67096003,48.38678266,102255300
11/21/2011,370.4,371.68,365.91,369.01,15999300,0,1,47.60156251,47.76606035,47.02453493,47.42292813,111995100
11/18/2011,378.92,379.99,374.88,374.94,13283500,0,1,48.69650125,48.83401117,48.17730495,48.18501578,92984500
11/17/2011,383.98,384.58,375.5,377.41,17139300,0,1,49.34678178,49.42389014,48.25698359,48.50244521,119975100
11/16/2011,389.25,391.14,384.32,384.77,12471800,0,1,50.02405023,50.26694157,49.39047652,49.44830779,87302600
11/15/2011,380.8,389.5,379.45,388.83,15386100,0,1,48.93810746,50.05617871,48.76461364,49.97007438,107702700
11/14/2011,383.5201,385.25,378.2,379.26,15460900,0,1,49.28767822,49.50999448,48.60397122,48.74019599,108226300
11/11/2011,386.61,388.7,380.26,384.62,23349500,0,1,49.68477344,49.95336756,48.86870993,49.4290307,163446500
11/10/2011,397.03,397.21,382.15,385.22,26598300,0,1,51.02388867,51.04702117,49.11160127,49.50613906,186188100
11/9/2011,396.97,400.89,394.23,395.28,19953000,0,1,51.01617783,51.51995246,50.66404964,50.79898927,139671000
11/8/2011,402.21,408,401.56,406.23,14301500,0,1,51.68959086,52.43368656,51.6060568,52.20621689,100110500
11/7/2011,399.91,400,396.13,399.73,9652700,0,1,51.39400881,51.40557506,50.90822612,51.3708763,67568900
11/4/2011,402.03,403.44,399.16,400.24,10793900,0,1,51.66645835,51.84766301,51.29762335,51.43641841,75557300
11/3/2011,399.07,403.4,395.36,403.07,15763800,0,1,51.2860571,51.84252245,50.80927039,51.80011285,110346600
11/2/2011,400.09,400.44,395.11,397.41,11691100,0,1,51.41714131,51.46212119,50.77714191,51.07272396,81837700
11/1/2011,397.41,399.5,393.22,396.51,18992500,0,1,51.07272396,51.34131809,50.53425056,50.95706142,132947500
10/31/2011,402.42,409.33,401.05,404.78,13767900,0,1,51.71657879,52.6046101,51.54051469,52.01987168,96375300
10/28/2011,403,406.35,402.51,404.95,11530100,0,1,51.79111687,52.22163856,51.72814504,52.04171905,80710700
10/27/2011,407.56,409,401.89,404.69,17666600,0,1,52.37714043,52.5622005,51.6484664,52.00830543,123666200
10/26/2011,401.76,402.55,393.151,400.6,16296600,0,1,51.63175959,51.7332856,50.5253831,51.48268342,114076200
10/25/2011,405.03,406.55,397.38,397.77,15372400,0,1,52.05200017,52.24734135,51.06886854,51.11898898,107606800
10/24/2011,396.18,406.5,395.4,405.77,17933500,0,1,50.91465182,52.24091565,50.81441095,52.14710048,125534500
10/21/2011,398.1,399.14,390.75,392.87,22187300,0,1,51.16139858,51.29505307,50.21682114,50.48927068,155311100
10/20/2011,400,400.35,394.21,395.31,19616800,0,1,51.40557506,51.45055494,50.66147936,50.80284469,137317600
10/19/2011,401.35,408.419,397.8,398.62,39430700,0,1,51.57906888,52.4875339,51.1228444,51.22822583,276014900
10/18/2011,421.76,424.8067,415.99,422.24,31485800,0,1,54.20203834,54.59358176,53.46051292,54.26372503,220400600
10/17/2011,421.74,426.7,415.94,419.99,24501600,0,1,54.19946806,54.8368972,53.45408723,53.97456867,171511200
10/14/2011,416.83,422,415.27,422,20477400,0,1,53.56846463,54.23288169,53.36798289,54.23288169,143341800
10/13/2011,404.98,408.43,402.85,408.43,15220900,0,1,52.04557447,52.48894755,51.77183978,52.48894755,106546300
10/12/2011,407.34,409.25,400.14,402.19,22224500,0,1,52.34886736,52.59432898,51.42356701,51.68702058,155571500
10/11/2011,392.57,403.18,391.5,400.29,21631700,0,1,50.4507165,51.81424938,50.31320659,51.4428441,151421900
10/10/2011,379.09,388.81,378.21,388.81,15804100,0,1,48.71834862,49.9675041,48.60525636,49.9675041,110628700
10/7/2011,375.78,377.74,368.489,369.8,19123500,0,1,48.29296749,48.54485481,47.35597237,47.52445414,133864500
10/6/2011,373.33,384.78,371.8045,377.37,29020800,0,1,47.97810834,49.44959293,47.78206033,48.49730465,203145600
10/5/2011,367.86,379.82,360.3,378.25,28088200,0,1,47.2751371,48.8121638,46.30357174,48.61039692,196617400
10/4/2011,374.57,381.8,354.24,372.5,44059900,0,1,48.13746563,49.06662139,45.52477727,47.87144177,308419300
10/3/2011,380.37,382.64,373.171,374.6,23896400,0,1,48.88284646,49.1745731,47.95767463,48.14132104,167274800
9/30/2011,387.12,388.89,381.18,381.32,19558600,0,1,49.75031554,49.97778521,48.98694275,49.0049347,136910200
9/29/2011,401.92,402.21,386.21,390.57,23253100,0,1,51.65232182,51.68959086,49.63336786,50.19368863,162771700
9/28/2011,400.19,403.74,396.51,397.01,15344200,0,1,51.42999271,51.88621719,50.95706142,51.02131839,107409400
9/27/2011,408.73,409.25,398.06,399.26,22589200,0,1,52.52750174,52.59432898,51.15625802,51.31047475,158124400
9/26/2011,399.86,403.98,391.3,403.17,29031300,0,1,51.38758311,51.91706053,50.2875038,51.81296424,203219100
9/23/2011,400.28,406.74,399.85,404.3,19509900,0,1,51.44155896,52.271759,51.38629797,51.95818499,136569300
9/22/2011,401.03,409.82,396.7,401.82,34588600,0,1,51.53794442,52.66758193,50.98147907,51.63947043,242120200
9/21/2011,419.64,421.59,412,412.14,21642000,0,1,53.9295888,54.18019097,52.94774231,52.96573426,151494000
9/20/2011,415.25,422.86,411.19,413.45,27705500,0,1,53.36541261,54.34340367,52.84364602,53.13408752,193938500
9/19/2011,397,413.23,395.2045,411.63,29423600,0,1,51.02003325,53.10581446,50.78928647,52.90019216,205965200
9/16/2011,395.54,400.503,395.03,400.5,24946900,0,1,50.8324029,51.47021757,50.76686079,51.46983203,174628300
9/15/2011,391.43,393.66,389.9,392.96,14922100,0,1,50.30421061,50.5907967,50.10758429,50.50083694,104454700
9/14/2011,387.02,392.21,385.76,389.3,19097300,0,1,49.73746415,50.40445149,49.57553659,50.03047593,133681100
9/13/2011,382.14,386.21,380.25,384.62,15734300,0,1,49.11031613,49.63336786,48.86742479,49.4290307,110140100
9/12/2011,375.89,380.88,371.9,379.94,16708300,0,1,48.30710402,48.94838857,47.79433341,48.82758547,116958100
9/9/2011,383.93,386,375.02,377.48,20171900,0,1,49.34035608,49.60637993,48.1952969,48.51144118,141203300
9/8/2011,382.4,388.61,382.31,384.14,14862800,0,1,49.14372976,49.94180131,49.1321635,49.36734401,104039600
9/7/2011,385.56,385.6,382,383.93,12520600,0,1,49.5498338,49.55497436,49.09232418,49.34035608,87644200
9/6/2011,367.37,380.33,366.48,379.74,18203500,0,1,47.21216527,48.87770591,47.09778787,48.80188268,127424500
9/2/2011,374.74,378,371.83,374.05,15676400,0,1,48.159313,48.57826843,47.78533744,48.07063838,109734800
9/1/2011,385.82,387.3399,380.72,381.03,12275900,0,1,49.58324742,49.77857576,48.92782634,48.96766566,85931300
8/31/2011,390.57,392.08,381.86,384.83,18663800,0,1,50.19368863,50.38774467,49.07433223,49.45601863,130646600
8/30/2011,388.25,391.84,386.21,389.99,14925800,0,1,49.89553629,50.35690133,49.63336786,50.11915054,104480600
8/29/2011,388.18,391.5,388,389.97,14473900,0,1,49.88654032,50.31320659,49.86340781,50.11658027,101317300
8/26/2011,371.17,383.8,370.8008,383.58,22909900,0,1,47.70051824,49.32364927,47.65307089,49.2953762,160369300
8/25/2011,365.08,375.45,365,373.72,31119500,0,1,46.91786836,48.25055789,46.90758724,48.02822878,217836500
8/24/2011,373.47,378.96,370.6,376.18,22366700,0,1,47.99610029,48.70164181,47.62726529,48.34437307,156566900
8/23/2011,360.3,373.64,357,373.6,23458400,0,1,46.30357174,48.01794766,45.87947574,48.01280711,164208800
8/22/2011,364.51,364.88,355.09,356.44,19118400,0,1,46.84461541,46.89216557,45.63401412,45.80750794,133828800
8/19/2011,362.17,367,356,356.03,27710300,0,1,46.5438928,47.16461512,45.7509618,45.75481722,193972100
8/18/2011,370.84,372.65,361.37,366.05,30408400,0,1,47.65810864,47.89071887,46.44108165,47.04252688,212858800
8/17/2011,382.31,384.52,378,380.44,15787900,0,1,49.1321635,49.41617931,48.57826843,48.89184244,110515300
8/16/2011,381.52,383.37,376.06,380.48,17812500,0,1,49.03063749,49.26838828,48.32895139,48.896983,124687500
8/15/2011,379.63,384.97,378.09,383.41,16448000,0,1,48.78774615,49.47401058,48.58983469,49.27352883,115136000
8/12/2011,378.07,379.64,374.23,376.99,18892000,0,1,48.58726441,48.78903129,48.09377089,48.44846935,132244000
8/11/2011,370.52,375.45,364.72,373.7,26498900,0,1,47.61698418,48.25055789,46.87160334,48.0256585,185492300
8/10/2011,371.15,374.65,362.5,363.69,31380600,0,1,47.69794796,48.14774674,46.5863024,46.73923398,219664200
8/9/2011,361.3,374.61,355,374.01,38663700,0,1,46.43208567,48.14260618,45.62244787,48.06549782,270645900
8/8/2011,361.69,367.77,353.02,353.21,40851200,0,1,46.48220611,47.26357085,45.36799027,45.39240792,285958400
8/5/2011,380.44,383.5,362.57,373.62,43021100,0,1,48.89184244,49.28509509,46.59529837,48.01537739,301147700
8/4/2011,389.41,391.32,377.35,377.37,31121700,0,1,50.04461246,50.29007408,48.49473437,48.49730465,217851900
8/3/2011,390.98,393.55,382.24,392.57,26161000,0,1,50.24637934,50.57666016,49.12316753,50.4507165,183127000
8/2/2011,397.65,397.9,388.35,388.91,22840700,0,1,51.10356731,51.13569579,49.90838769,49.98035549,159884900
8/1/2011,397.78,399.5,392.37,396.75,21887000,0,1,51.12027412,51.34131809,50.42501372,50.98790476,153209000
7/29/2011,387.64,395.15,384,390.48,22592300,0,1,49.81714279,50.78228246,49.34935206,50.18212237,158146100
7/28/2011,391.62,396.99,388.13,391.82,21215500,0,1,50.32862826,51.01874811,49.88011462,50.35433105,148508500
7/27/2011,400.59,402.64,392.15,392.59,23547300,0,1,51.48139828,51.74485186,50.39674065,50.45328678,164831100
7/26/2011,400,404.5,399.68,403.41,17020800,0,1,51.40557506,51.98388778,51.3644506,51.84380759,119145600
7/25/2011,390.35,400,389.62,398.5,21064500,0,1,50.16541556,51.40557506,50.07160039,51.21280415,147451500
7/22/2011,388.32,395.05,387.75,393.3,18454600,0,1,49.90453227,50.76943107,49.83127932,50.54453168,129182200
7/21/2011,386.95,390.06,383.9,387.29,18804800,0,1,49.72846817,50.12814652,49.33650066,49.77216291,131633600
7/20/2011,396.12,396.27,386,386.9,33619300,0,1,50.90694098,50.92621807,49.60637993,49.72204248,235335100
7/19/2011,378,378.65,373.32,376.85,29255200,0,1,48.57826843,48.66180249,47.9768232,48.4304774,204786400
7/18/2011,365.43,374.65,365.28,373.8,20451900,0,1,46.96284824,48.14774674,46.94357114,48.03850989,143163300
7/15/2011,361.17,365,359.17,364.92,17302400,0,1,46.41537886,46.90758724,46.15835099,46.89730613,121116800
7/14/2011,361.01,361.61,356.34,357.77,15376200,0,1,46.39481663,46.47192499,45.79465654,45.97843147,107633400
7/13/2011,358.33,360,356.38,358.02,13987100,0,1,46.05039928,46.26501755,45.7997971,46.01055996,97909700
7/12/2011,353.53,357.68,348.62,353.75,16128900,0,1,45.43353238,45.96686522,44.80252894,45.46180544,112902300
7/11/2011,356.34,359.77,352.82,354,15809800,0,1,45.79465654,46.23545935,45.34228748,45.49393393,110668600
7/8/2011,353.34,360,352.2,359.71,17486900,0,1,45.40911473,46.26501755,45.26260884,46.22774851,122408300
7/7/2011,354.67,358,354,357.2,14273700,0,1,45.58003827,46.00798968,45.49393393,45.90517853,99915900
7/6/2011,348.95,354.1,346.71,351.76,15879500,0,1,44.84493854,45.50678532,44.55706732,45.20606271,111156500
7/5/2011,343,349.83,342.5,349.43,12680500,0,1,44.08028061,44.95803081,44.01602365,44.90662523,88763500
7/1/2011,335.95,343.5,334.2,343.26,15546900,0,1,43.17425735,44.14453758,42.94935796,44.11369424,108828300
6/30/2011,334.7,336.13,332.84,335.67,11534100,0,1,43.01361493,43.19738986,42.77457901,43.13827345,80738700
6/29/2011,336.04,336.37,331.88,334.04,12590900,0,1,43.18582361,43.22823321,42.65120563,42.92879573,88136300
6/28/2011,333.65,336.7,333.44,335.26,10510700,0,1,42.8786753,43.27064281,42.85168737,43.08558274,73574900
6/27/2011,327.59,333.9,327.25,332.04,12136200,0,1,42.09988083,42.91080378,42.0561861,42.67176786,84953400
6/24/2011,331.37,333.15,325.09,326.35,15707400,0,1,42.58566352,42.81441833,41.77859599,41.94052355,109951800
6/23/2011,318.94,331.69,318.12,331.23,19991400,0,1,40.98823527,42.62678798,40.88285385,42.56767157,139939800
6/22/2011,325.16,328.9,322.38,322.61,13949400,0,1,41.78759197,42.26823409,41.43032322,41.45988143,97645800
6/21/2011,316.68,325.8,315.2,325.3,17620800,0,1,40.69779378,41.86984089,40.50759315,41.80558392,123345600
6/20/2011,317.355,317.7,310.5,315.32,22880200,0,1,40.78454068,40.82887799,39.90357764,40.52301482,160161400
6/17/2011,328.99,329.25,319.36,320.26,21965000,0,1,42.27980035,42.31321397,41.04221113,41.15787367,153755000
6/16/2011,326.9,328.6811,318.33,325.16,18235400,0,1,42.01120622,42.24010239,40.90984177,41.78759197,127647800
6/15/2011,329.75,330.3,324.88,326.75,14257000,0,1,42.37747094,42.44815361,41.75160806,41.99192913,99799000
6/14/2011,330,333.25,329.31,332.44,11948900,0,1,42.40959942,42.82726972,42.32092481,42.72317343,83642300
6/13/2011,327.2,328.31,325.07,326.6,11766900,0,1,42.0497604,42.19241087,41.77602571,41.97265204,82368300
6/10/2011,330.55,331.66,325.51,325.9,15498400,0,1,42.48028209,42.62293256,41.83257184,41.88269228,108488800
6/9/2011,333.25,333.67,330.75,331.49,9824600,0,1,42.82726972,42.88124558,42.50598488,42.60108519,68772200
6/8/2011,331.78,334.8,330.65,332.24,11918700,0,1,42.63835423,43.02646633,42.49313348,42.69747065,83430900
6/7/2011,338.17,338.22,331.9,332.04,18920900,0,1,43.4595583,43.46598399,42.65377591,42.67176786,132446300
6/6/2011,344.84,347.05,337.81,338.04,16497900,0,1,44.31674626,44.60076206,43.41329328,43.44285148,115485300
6/3/2011,343.18,345.33,342.01,343.44,11187500,0,1,44.10341312,44.37971809,43.95305182,44.13682675,78312500
6/2/2011,346.5,347.98,344.3,346.102,12099400,0,1,44.5300794,44.72028002,44.24734873,44.47893085,84695800
6/1/2011,348.87,352.132,344.65,345.51,19810100,0,1,44.83465743,45.25386989,44.29232861,44.4028506,138670700
5/31/2011,341.1,347.83,341,347.83,14919800,0,1,43.83610413,44.70100293,43.82325274,44.70100293,104438600
5/27/2011,334.8,337.63,334.31,337.41,7271400,0,1,43.02646633,43.39016077,42.9634945,43.3618877,50899800
5/26/2011,335.97,336.89,334.435,335,7948600,0,1,43.17682763,43.29506046,42.97955874,43.05216911,55640200
5/25/2011,333.43,338.56,332.85,336.78,10508000,0,1,42.85040223,43.50967873,42.77586415,43.28092392,73556000
5/24/2011,335.5,335.899,331.34,332.19,11497400,0,1,43.11642608,43.16770314,42.5818081,42.69104495,80481800
5/23/2011,329.97,335.98,329.42,334.4,13700000,0,1,42.40574401,43.17811277,42.33506134,42.97506075,95900000
5/20/2011,339.56,340.95,335.02,335.22,12070300,0,1,43.63819267,43.81682704,43.05473939,43.08044218,84492100
5/19/2011,342.08,342.414,338.67,340.53,9327500,0,1,43.96204779,44.00497145,43.52381526,43.76285119,65292500
5/18/2011,336.47,341.05,336,339.87,11956300,0,1,43.2410846,43.82967844,43.18068305,43.67803199,83694100
5/17/2011,332,336.14,330.73,336.14,16154800,0,1,42.6666273,43.198675,42.5034146,43.198675,113083600
5/16/2011,339.2,341.22,332.6,333.3,16063400,0,1,43.59192765,43.85152581,42.74373566,42.83369542,112443800
5/13/2011,345.66,346.25,340.35,340.5,11647000,0,1,44.42212769,44.49795091,43.73971868,43.75899577,81529000
5/12/2011,346.12,347.12,342.27,346.57,11500000,0,1,44.4812441,44.60975804,43.98646544,44.53907537,80500000
5/11/2011,349.02,350,345.24,347.23,12000000,0,1,44.85393452,44.97987818,44.36815183,44.62389457,84000000
5/10/2011,348.89,349.69,346.66,349.45,10074700,0,1,44.83722771,44.94003886,44.55064163,44.90919551,70522900
5/9/2011,347.86,349.2,346.5276,347.6,7312400,0,1,44.70485835,44.87706703,44.53362638,44.67144473,51186800
5/6/2011,349.69,350,346.21,346.66,10004800,0,1,44.94003886,44.97987818,44.49281035,44.55064163,70033600
5/5/2011,348.4,350.95,346.05,346.75,11998900,0,1,44.77425588,45.10196642,44.47224812,44.56220788,83992300
5/4/2011,348.26,351.83,346.88,349.57,13901800,0,1,44.75626393,45.21505868,44.57891469,44.92461718,97312600
5/3/2011,347.99,349.89,345.62,348.2,11191000,0,1,44.72156516,44.96574164,44.41698713,44.74855309,78337000
5/2/2011,349.74,350.469,345.5,346.28,15811200,0,1,44.94646455,45.04015121,44.40156546,44.50180633,110678400
4/29/2011,346.78,353.95,346.666,350.13,35940900,0,1,44.5660633,45.48750823,44.55141271,44.99658499,251586300
4/28/2011,346.19,349.75,345.52,346.75,12891400,0,1,44.49024008,44.94774969,44.40413574,44.56220788,90239800
4/27/2011,352.24,352.35,347.1,350.15,12721900,0,1,45.2677494,45.28188593,44.60718776,44.99915527,89053300
4/26/2011,353.62,354.99,349.35,350.42,12100000,0,1,45.44509863,45.62116273,44.89634412,45.03385403,84700000
4/25/2011,350.34,353.75,350.3,353.009,9519500,0,1,45.02357292,45.46180544,45.01843236,45.36657662,66636500
4/21/2011,355,355.13,348.52,350.696,26921800,0,1,45.62244787,45.63915468,44.78967755,45.06932388,188452600
4/20/2011,343.51,345.75,341.5,342.41,25023800,0,1,44.14582272,44.43369394,43.88750971,44.00445739,175166600
4/19/2011,333.1,337.98,331.71,337.86,14977800,0,1,42.80799263,43.43514065,42.62935826,43.41971897,104844600
4/18/2011,326.1,332.23,320.16,331.85,21782100,0,1,41.90839507,42.69618551,41.14502228,42.64735021,152474700
4/15/2011,333.3,333.64,326.8,327.46,16200200,0,1,42.83369542,42.87739016,41.99835482,42.08317402,113401400
4/14/2011,334.8,336,332.06,332.42,10778600,0,1,43.02646633,43.18068305,42.67433814,42.72060315,75450200
4/13/2011,335.02,336.14,332.52,336.13,12365000,0,1,43.05473939,43.198675,42.73345455,43.19738986,86555000
4/12/2011,330.49,333.73,330.2,332.4,15201400,0,1,42.47257125,42.88895641,42.43530221,42.71803288,106409800
4/11/2011,334.06,335.67,330.02,330.8,14248100,0,1,42.93136601,43.13827345,42.4121697,42.51241057,99736700
4/8/2011,339.92,340.15,333.95,335.06,13483400,0,1,43.68445769,43.71401589,42.91722948,43.05987995,94383800
4/7/2011,338.1,340.43,336.03,338.08,13337400,0,1,43.45056232,43.74999979,43.18453847,43.44799204,93361800
4/6/2011,341.22,343.9,337.14,338.04,14376400,0,1,43.85152581,44.19594316,43.32718894,43.44285148,100634800
4/5/2011,336.99,342.25,336,338.89,17240400,0,1,43.30791185,43.98389516,43.18068305,43.55208833,120682800
4/4/2011,344.31,344.6,338.4,341.19,16431600,0,1,44.24863387,44.28590291,43.4891165,43.84767039,115021200
4/1/2011,351.11,351.5872,343.3,344.56,14952200,0,1,45.12252865,45.1838555,44.1188348,44.28076236,104665400
3/31/2011,346.36,349.8,346.06,348.5075,9786400,0,1,44.51208744,44.95417539,44.47353326,44.78807113,68504800
3/30/2011,350.64,350.88,347.44,348.63,11764500,0,1,45.0621271,45.09297044,44.6508825,44.80381408,82351500
3/29/2011,347.66,350.96,346.06,350.96,12603600,0,1,44.67915556,45.10325156,44.47353326,45.10325156,88225200
3/28/2011,353.15,354.32,350.44,350.44,11048400,0,1,45.38469708,45.53505839,45.03642431,45.03642431,77338800
3/25/2011,348.07,352.06,347.02,351.54,16032500,0,1,44.73184628,45.24461689,44.59690664,45.17778964,112227500
3/24/2011,341.85,346,338.86,344.97,14454000,0,1,43.93248959,44.46582243,43.54823291,44.33345307,101178000
3/23/2011,339.28,340.22,335.95,339.19,13321300,0,1,43.60220877,43.72301187,43.17425735,43.59064251,93249100
3/22/2011,342.56,342.62,339.14,341.2,11640100,0,1,44.02373448,44.03144532,43.58421681,43.84895553,81480700
3/21/2011,335.99,339.74,335.26,339.3,14621500,0,1,43.17939791,43.66132518,43.08558274,43.60477904,102350500
3/18/2011,337.13,338.2,330,330.67,26900500,0,1,43.3259038,43.46341371,42.40959942,42.49570376,188303500
3/17/2011,336.83,339.61,330.6596,334.64,23550800,0,1,43.28734962,43.64461837,42.49436722,43.0059041,164855600
3/16/2011,342,343,326.26,330.01,41500400,0,1,43.95176668,44.08028061,41.9289573,42.41088456,290502800
3/15/2011,342.1,347.84,340.1,345.43,25752900,0,1,43.96461807,44.70228807,43.70759019,44.39256948,180270300
3/14/2011,353.18,356.4844,351.31,353.56,15569900,0,1,45.3885525,45.81321395,45.14823144,45.4373878,108989300
3/11/2011,345.33,352.32,345,351.99,16824300,0,1,44.37971809,45.27803051,44.33730849,45.23562091,117770100
3/10/2011,349.12,349.77,344.9,346.67,18126400,0,1,44.86678591,44.95031997,44.3244571,44.55192677,126884800
3/9/2011,354.69,354.76,350.6,352.47,16189500,0,1,45.58260855,45.59160452,45.05698654,45.2973076,113326500
3/8/2011,354.91,357.4,352.25,355.76,12725600,0,1,45.61088161,45.93088132,45.26903454,45.72011846,89079200
3/7/2011,361.4,361.67,351.31,355.36,19504400,0,1,46.44493707,46.47963583,45.14823144,45.66871288,136530800
3/4/2011,360.07,360.29,357.75,360,16188100,0,1,46.27401353,46.3022866,45.97586119,46.26501755,113316700
3/3/2011,357.19,359.79,355.92,359.56,17885300,0,1,45.90389339,46.23802963,45.74068069,46.20847142,125197100
3/2/2011,349.96,354.35,348.4,352.12,21521100,0,1,44.97473762,45.53891381,44.77425588,45.25232773,150647700
3/1/2011,355.47,355.72,347.681,349.31,16290600,0,1,45.68284942,45.7149779,44.68185436,44.89120356,114034200
2/28/2011,351.24,355.05,351.12,353.21,14395500,0,1,45.13923546,45.62887356,45.12381379,45.39240792,100768500
2/25/2011,345.26,348.43,344.8,348.16,13572100,0,1,44.37072211,44.7781113,44.3116057,44.74341253,95004700
2/24/2011,344.02,345.15,338.37,342.88,17853600,0,1,44.21136483,44.35658558,43.48526108,44.06485894,124975200
2/23/2011,338.77,344.64,338.61,342.62,23994800,0,1,43.53666666,44.29104347,43.51610443,44.03144532,167963600
2/22/2011,342.15,345.4,337.72,338.61,31162700,0,1,43.97104377,44.38871406,43.40172702,43.51610443,218138900
2/18/2011,358.71,359.5,349.52,350.56,29144900,0,1,46.09923457,46.20076059,44.91819149,45.05184598,204014300
2/17/2011,357.25,360.27,356.52,358.3,18949400,0,1,45.91160423,46.29971632,45.81778905,46.04654386,132645800
2/16/2011,360.8,364.9,360.5,363.13,17184200,0,1,46.3678287,46.89473585,46.32927452,46.66726618,120289400
2/15/2011,359.19,359.97,357.55,359.9,10149100,0,1,46.16092126,46.26116214,45.95015841,46.25216616,71043700
2/14/2011,356.79,359.48,356.71,359.18,11086300,0,1,45.85248781,46.19819031,45.8422067,46.15963613,77604100
2/11/2011,354.7526,357.8,353.5401,356.85,13127600,0,1,45.59065352,45.98228689,45.43483037,45.86019865,91893200
2/10/2011,357.39,360,348,354.54,33162500,0,1,45.92959618,46.26501755,44.7228503,45.56333145,232137500
2/9/2011,355.19,359,354.87,358.16,17240900,0,1,45.64686551,46.13650362,45.60574105,46.02855191,120686300
2/8/2011,353.68,355.52,352.15,355.2,13608600,0,1,45.45280947,45.68927511,45.25618314,45.64815065,95260200
2/7/2011,347.89,353.25,347.64,351.88,17322200,0,1,44.70871377,45.39754848,44.67658528,45.22148438,121255400
2/4/2011,343.64,346.7,343.51,346.5,11494300,0,1,44.16252953,44.55578218,44.14582272,44.5300794,80460100
2/3/2011,343.8,344.24,338.55,343.44,14064200,0,1,44.18309176,44.2396379,43.50839359,44.13682675,98449400
2/2/2011,344.45,345.25,343.55,344.32,9248400,0,1,44.26662582,44.36943697,44.15096328,44.24991901,64738800
2/1/2011,341.3,345.65,340.98,345.03,15236900,0,1,43.86180692,44.42084255,43.82068246,44.34116391,106658300
1/31/2011,335.8,340.04,334.3,339.32,13473100,0,1,43.15498026,43.69987936,42.96220936,43.60734932,94311700
1/28/2011,344.17,344.4,333.528,336.1,21144900,0,1,44.23064192,44.26020013,42.8629966,43.19353444,148014300
1/27/2011,343.78,344.6928,342.831,343.21,10179500,0,1,44.18052149,44.29782901,44.05856176,44.10726854,71256500
1/26/2011,342.96,345.6,341.5,343.85,18102700,0,1,44.07514006,44.41441685,43.88750971,44.18951746,126718900
1/25/2011,336.33,341.44,334.57,341.4,19531000,0,1,43.22309265,43.87979887,42.99690812,43.87465831,136717000
1/24/2011,326.87,337.45,326.72,337.45,20524400,0,1,42.0073508,43.36702826,41.98807371,43.36702826,143670800
1/21/2011,333.77,334.88,326.63,326.72,26942900,0,1,42.89409697,43.03674744,41.97650745,41.98807371,188600300
1/20/2011,336.43,338.3,330.12,332.68,27313900,0,1,43.23594404,43.47626511,42.4250211,42.75401678,191197300
1/19/2011,348.35,348.6,336.88,338.84,40557600,0,1,44.76783018,44.79995866,43.29377532,43.54566263,283903200
1/18/2011,329.52,344.7625,326,340.65,67178500,0,1,42.34791273,44.30678643,41.89554367,43.77827286,470249500
1/14/2011,345.89,348.48,344.44,348.48,11030000,0,1,44.45168589,44.78453699,44.26534068,44.78453699,77210000
1/13/2011,345.16,346.64,343.85,345.68,10599300,0,1,44.35787072,44.54807135,44.18951746,44.42469797,74195100
1/12/2011,343.25,344.43,342,344.42,10806800,0,1,44.1124091,44.26405554,43.95176668,44.26277041,75647600
1/11/2011,344.88,344.96,339.47,341.64,15861000,0,1,44.32188682,44.33216793,43.62662641,43.90550166,111027000
1/10/2011,338.83,343.23,337.17,342.455,16020000,0,1,43.54437749,44.10983882,43.33104436,44.01024052,112140000
1/7/2011,333.99,336.35,331.9,336.12,11140400,0,1,42.92237004,43.22566293,42.65377591,43.19610472,77982800
1/6/2011,334.7194,335.25,332.9,333.73,10729600,0,1,43.0161081,43.0842976,42.78228984,42.88895641,75107200
1/5/2011,329.55,334.34,329.5,334,9125700,0,1,42.35176815,42.96734991,42.34534246,42.92365518,63879900
1/4/2011,332.44,332.5,328.15,331.29,11038600,0,1,42.72317343,42.73088427,42.17184864,42.5753824,77270200
1/3/2011,325.64,330.26,324.8365,329.57,15897800,0,1,41.84927866,42.44301305,41.74601771,42.35433843,111284600
